EMAIL,FIRSTNAME,LASTNAME,EMPRESA,CIDADE
contato@azzure.arq.br,Azzure,,Azzure Arquitetura,Itapema
financeiro@anelconstrutora.com.br,Anel,,Anel Empreendimentos,Itapema
construtorahugo@hotmail.com,Hugo,,Albatroz Incorporadora,Itapema
contato@arskammerconstrutora.com.br,ARS Kammer,,ARS Kammer Construtora,São João Batista
daniela@construtoraga.com.br,Daniela,,GA Construtora,Balneário Camboriú
atendimento.rv@rvempreendimentos.com.br,RV,,RV Empreendimentos,Balneário Camboriú
vendas@leonepavan.com.br,Leone Pavan,,Leone Pavan Empreendimentos,Balneário Camboriú
suporte@clnconstrutora.com.br,CLN,,CLN Construtora,Balneário Camboriú
contato@haacke.com.br,Haacke,,Haacke Empreendimentos,Balneário Camboriú
bc@embraed.com.br,Embraed,,Embraed Empreendimentos,Balneário Camboriú
contato@arrka.com.br,Arrka,,Arrka Empreendimentos,Balneário Camboriú
vendas@ciaplan.com,CIAPLAN,,CIAPLAN Planejamento e Construções,Balneário Camboriú
ricardo@piramidalempreendimentos.com.br,Ricardo,,Piramidal Empreendimentos,Balneário Camboriú
comercial@silvapacker.com.br,Silva Packer,,Silva Packer Construtora,Balneário Camboriú
jmp@incorporadora.com.br,JMP,,JMP Incorporadora,Balneário Camboriú
marketing@macomconstrutora.com.br,Macom,,MACOM Construtora e Incorporadora,Itapema
contato@brconstrutora.com.br,BR,,BR Construtora e Incorporadora,Itapema
contato@jarussi.com.br,JA Russi,,J.A. Russi Construtora e Incorporadora,Itapema
contato@construtoragandin.com.br,Gandin,,Gandin Construtora,Itapema
atendimento@santanaconstrutora.com.br,Santana,,Santana Construtora e Incorporadora,Itapema
contato@triadconstrucoes.com.br,Triad,,Triad Construções e Incorporações,Itapema
contato@construtorawf.com,WF,,WF Construtora e Incorporadora,Itapema
recepcao@krcon.com.br,KRCON,,KRCON Empreendimentos,Itapema
vendas@construtorazimmermann.com.br,Zimmermann,,Construtora Zimmermann,Itapema
financeiro@sunprime.com.br,Sunprime,,Sunprime Empreendimentos,Itapema
contato@construtoraap.com.br,AP,,AP Construtora e Incorporadora,Itapema
contato@abcempreendimentos.com.br,ABC,,ABC Empreendimentos,Itapema
suporte@russirussiconstrutora.com.br,Russi Russi,,Russi & Russi Construtora,Itapema
contato@fusaoconstrutora.com.br,Fusão,,Fusão Construtora e Incorporadora,Florianópolis
contato@hsconstrutora.com.br,HS,,HS Construtora,Florianópolis
atendimento@dacampos.com.br,DCampos,,D'Campos Construtora e Incorporadora,Florianópolis
contato@grupooad.com.br,Grupo OAD,,Grupo OAD Incorporadora,Florianópolis
mktconstrutoracoral@gmail.com,Coral,,Coral Construtora,Florianópolis
contato@kdsengenharia.com.br,KDS,,KDS Engenharia Residenciais Boutique,Florianópolis
contato@inovarhabitacional.com.br,Inovar,,INOVAR Construtora,Joinville
comercial@attusconstrutora.com.br,Attus,,ATTUS Construtora e Incorporadora,Joinville
construtoragomes00@hotmail.com,Gomes,,Incorporadora Gomes,Joinville
roma@construtoraroma.com.br,Roma,,Roma Construtora e Incorporadora,Joinville
contato@torresani.com.br,Torresani,,Torresani Empreendimentos Imobiliários,Blumenau
vendas@construtoraoma.com.br,OMA,,OMA Construtora e Incorporadora,Blumenau
marketing@cstein.com.br,Stein,,Construtora Stein,Blumenau
contato@bciconstrutora.com.br,BCI,,BCI Construtora e Incorporadora,Chapecó
scala@scalaconstrutora.com.br,Scala,,Scala Construtora,Chapecó
atendimento@macodesc.com.br,Macodesc,,Macodesc Construtora e Incorporadora,Chapecó
contato@daros.com.br,DAROS,,DAROS Construtora,Florianópolis
marketing@procave.com.br,Procave,,PROCAVE Investimentos,Balneário Camboriú
contato@cseteincorporadora.com.br,CSete,,CSete Incorporadora,Jaraguá do Sul
administrativo@embraconi.com.br,Embraconi,,Embraconi Construtora,Criciúma
financeiro@territoreo.com.br,Territoreo,,Territoreo Empreendimentos,Brusque
contato@nbsconstrutora.com.br,NBS,,NBS Construtora,São José
sac@okconstrucoes-sc.com.br,OK,,OK Construções,São José
contato@maccariconstrutora.com.br,Maccari,,Maccari Construtora,Tubarão
contato@construtorapiucco.com.br,Piucco,,Construtora Piucco,Tubarão
contato@construtorarodrigues.com.br,Rodrigues,,Construtora Rodrigues,Tubarão
contato@frigottoconstrutora.com.br,Frigotto,,Frigotto Construtora,Itajaí
comercial@ccconstrutorasc.com.br,C&C,,C&C Empreendimentos,Itajaí
comercial@grandezza.com.br,Grandezza,,Grandezza Empreendimentos,Navegantes
contato@construtoracorreia.com.br,Correia,,Correia Construtora,Joinville
contato@rdville.com.br,RDVille,,RDVille Construtora,Joinville
contato@construtoracesconetto.com.br,Cesconetto,,Cesconetto Construtora,Lages
administrativo@construtorabs.com.br,BS,,Construtora BS,Criciúma
contatosite@trezeincorporadora.com.br,Treze,,Treze Incorporadora,Tubarão
financeiro@hantei.com.br,Hantei,,Hantei Engenharia,Florianópolis
vetter@vetter.com.br,Vetter,,Vetter Construções,Itajaí
vsconstrutora3@gmail.com,Vanini,,Vanini & Schappo Construtora,Bombinhas
arby@arbyconstrutora.com.br,ARBY,,ARBY Construtora,Camboriú
sac@rogga.com.br,Rôgga,,Rôgga Empreendimentos,Joinville
contabilidade@corbetta.com.br,Corbetta,,Construtora Corbetta,Criciúma
comercial@jsempreendimentos.com,JS,,JS Empreendimentos,Criciúma
relacionamento@estilofontana.com.br,Fontana,,Construtora Fontana,Criciúma
marta@suldovale.com.br,Marta,,Suldovale Empreendimentos,Balneário Camboriú
contato@wgconstrutora.com.br,WG,,WG Empreendimentos,Piçarras
vendas@construtoravolpi.com.br,Volpi,,Construtora Volpi,Joinville
construarte@gmail.com,Construarte,,Construarte Construtora,São Bento do Sul
contato@hrcerta.com.br,HR,,HR Certa Construtora,Joinville
cnsconstrutoranovoseculo@gmail.com,CNS,,CNS Construtora Novo Século,Florianópolis
hwolf@netuno.com.br,H.Wolf,,H.Wolf Construtora,Jaraguá do Sul
cota@cota.com.br,Cota,,Cota Empreendimentos,Florianópolis
contato@construtoramrsc.com.br,Construtora MR,,Construtora MR,Palhoça
vendas@stiloincorporadora.com.br,Stilo,,Stilo Construtora e Incorporadora,Joinville
locks@construtoralocks.com.br,Locks,,Construtora Locks,Criciúma
contato@construtoracavalli.com.br,Cavalli,,Construtora Cavalli,Lages
contato@sgtincorporadora.com.br,SGT,,SGT Incorporadora,Navegantes
novosnegocios@grupolumis.com.br,Lumis,,Lumis Construtora e Incorporadora,Florianópolis
construtora@carlessi.net,Carlessi,,Construtora Carlessi,Florianópolis
adm@construtoraopus.com.br,OPUS,,Construtora OPUS,Brusque
contato@gmempreendimentos.com,GM,,GM Empreendimentos,Lages
vendas@aparecidaci.com.br,Aparecida,,Aparecida Construtora e Incorporadora,Chapecó
projetos@kubeconstrutora.com.br,Kube,,Kube Construtora e Incorporadora,Chapecó
contato@sforzaconstrutora.com.br,Sforza,,Sforza Construtora e Incorporadora,Blumenau
contato@serpaincorporadora.com.br,Serpa,,Serpa Construtora e Incorporadora,Blumenau
comercial@viplanengenharia.com.br,Viplan,,Viplan Engenharia e Construtora,Joinville
okasa@okasa.com.br,Okasa,,Okasa Construtora,Joinville
construtoraheider@hotmail.com,Heider,,Heider Construtora,Joinville
atendimento@maisconstrutora.com,Mais,,Mais Construtora e Incorporadora,Araranguá
contato.site@grupoestrutura.com.br,Grupo Estrutura,,Grupo Estrutura Construtora,Joinville
vendas@construtoraportobelo.com.br,Porto Belo,,Construtora Porto Belo,Bombinhas
contato@halsten.com.br,Halsten,,Halsten Incorporadora,Joinville
veja@vejaconstrucoes.com.br,Veja,,Veja Construções e Incorporações,Joinville
administrativo@saprideconstrutora.com.br,SA Pride,,SA Pride Construtora,Piçarras
